1.084,0.54201,2.71,9.7561,20.054,28.726,87.263,4.878,15.989,17.615,37.127,20.596,4.878,54.472,8.6721,29.268,5.6911,11.924,0,27.371,19.512,5.1491,14.092,8.9431,0.54201,38.211,13.279,11.382,17.615,0.81301,4.607,13.821,9.4851,7.5881,9.7561
0.63898,0.63898,6.3898,8.3067,20.128,27.796,73.163,2.5559,12.46,19.489,32.588,13.419,4.4728,49.521,11.182,26.518,6.0703,9.5847,0,20.128,17.252,3.1949,7.6677,4.7923,4.1534,35.144,12.46,8.6262,19.169,3.5144,1.278,14.058,9.9042,8.6262,4.4728
1.487,0,3.3457,7.4349,30.112,31.227,81.784,5.948,19.703,16.729,36.431,13.383,4.8327,48.327,12.268,26.766,6.3197,8.9219,0,23.42,16.357,6.6914,14.126,7.8067,2.2305,43.866,17.844,8.9219,15.613,1.8587,3.3457,14.498,14.498,7.8067,5.948
4.9793,2.0747,6.639,9.1286,31.95,38.174,91.286,8.2988,17.842,24.066,36.1,10.373,6.639,62.241,13.693,41.079,8.7137,4.1494,0,31.535,32.365,9.5436,12.863,12.863,2.0747,48.133,9.5436,13.278,25.311,2.9046,0,15.353,12.863,7.8838,3.7344
2.0576,0.41152,4.9383,4.1152,20.576,27.16,85.185,3.2922,17.695,16.049,27.984,15.638,6.9959,57.202,11.934,27.984,6.1728,10.7,0,24.691,21.399,5.7613,11.523,7.4074,4.1152,46.914,17.284,13.169,14.403,3.7037,3.2922,18.93,11.934,7.4074,9.465
1.9157,0,5.364,8.046,22.605,24.521,82.759,4.5977,14.559,18.008,32.567,10.345,6.1303,59.387,12.644,28.352,6.5134,6.1303,0,24.138,26.82,9.1954,13.41,6.5134,3.4483,39.847,13.027,8.4291,18.391,3.4483,3.0651,14.559,11.111,9.9617,3.4483
5.7522,1.7699,5.7522,6.6372,34.956,37.611,94.69,5.3097,20.354,20.796,25.221,9.7345,7.5221,63.274,11.062,37.168,7.5221,7.5221,0,20.796,28.761,6.1947,10.177,10.177,2.2124,45.133,13.274,13.717,18.142,2.2124,0.44248,17.699,11.504,8.4071,12.832
0,1.5385,5.1282,7.1795,22.564,25.641,86.154,3.5897,17.436,17.949,27.692,11.795,10.256,57.436,5.1282,29.231,3.5897,7.6923,0.51282,22.051,21.026,6.6667,11.795,5.641,5.1282,37.436,14.359,7.6923,17.949,4.1026,1.0256,8.7179,12.821,10.769,7.6923
2.8329,0.84986,3.966,7.0822,25.212,31.445,92.918,6.5156,20.113,18.13,30.312,13.314,6.7989,57.224,9.3484,31.445,8.4986,3.3994,0,18.697,19.263,5.6657,12.181,10.482,2.5496,40.227,11.898,12.748,18.414,1.6997,1.4164,15.297,11.048,9.3484,9.0652
3.5336,1.0601,4.5936,6.7138,28.269,33.569,94.7,7.7739,22.261,18.375,33.922,13.428,8.4806,60.424,9.894,33.569,8.8339,3.5336,0,21.201,22.261,6.3604,13.074,10.247,2.8269,41.696,12.367,14.488,19.081,2.1201,0.35336,15.548,11.307,9.1873,9.1873
0.93168,0.62112,4.6584,8.6957,21.429,24.224,83.851,5.5901,16.149,17.081,21.429,15.528,9.3168,56.522,9.3168,21.429,5.5901,12.733,0,18.323,20.497,5.5901,12.112,7.1429,4.3478,36.957,17.702,8.0745,16.149,3.7267,3.4161,11.18,12.733,8.6957,9.6273
0.34783,1.2174,4.8696,6.6087,16,24.348,71.478,3.3043,14.783,16.348,24.522,13.217,4.8696,47.478,9.5652,23.13,6.9565,11.304,0.86957,17.391,11.826,5.2174,7.1304,5.2174,1.913,30.087,10.609,6.087,15.478,1.913,4.8696,4.3478,12.348,10.435,6.7826
0,0.62893,5.6604,10.692,23.899,38.994,97.484,4.4025,12.579,24.528,30.818,10.692,16.352,62.893,8.1761,30.189,5.6604,5.6604,0,16.981,23.899,4.4025,13.208,8.1761,1.2579,36.478,13.836,9.434,23.27,0.62893,0,12.579,13.208,8.1761,7.5472
8.2143,1.0714,5.3571,7.5,28.571,39.286,100.71,5.7143,18.571,20,36.071,8.2143,8.5714,66.071,12.143,34.643,8.5714,4.6429,0,29.643,23.214,10.714,15.714,9.2857,3.2143,49.286,15.714,11.071,18.929,3.5714,1.4286,15.714,8.9286,7.5,7.1429
2.5532,1.2766,7.234,7.234,29.787,33.617,96.17,6.8085,23.404,18.723,34.043,14.043,8.5106,71.489,8.9362,33.191,6.8085,5.9574,0,20.851,31.064,10.213,13.617,11.489,2.5532,42.128,15.745,13.191,18.723,1.7021,2.9787,17.872,14.468,10.638,4.2553
0.9434,0,4.2453,9.9057,34.906,30.189,83.491,6.6038,18.396,17.925,29.717,10.377,7.0755,63.679,11.792,38.208,7.5472,4.717,0,23.585,19.811,8.4906,17.453,8.9623,3.3019,45.283,13.208,9.9057,17.453,3.3019,0.4717,12.736,13.679,5.1887,5.1887
6.5134,1.5326,7.2797,10.728,29.885,31.418,99.234,6.5134,22.605,20.69,34.1,15.326,5.7471,63.602,10.345,44.061,6.5134,8.046,0,24.138,34.483,9.1954,13.793,8.8123,2.682,53.64,14.943,11.877,22.222,2.682,1.1494,16.475,12.261,3.0651,9.1954
0,0.79051,5.9289,6.3241,22.925,28.063,85.771,5.1383,21.739,15.81,22.925,11.462,11.462,60.474,10.277,26.087,4.7431,12.253,0,16.601,21.344,7.1146,7.1146,5.9289,1.9763,37.945,18.182,10.672,15.415,1.581,1.9763,9.0909,12.253,8.3004,8.6957
0.78989,1.8957,3.4755,9.0047,17.536,27.962,83.412,4.5814,14.85,15.166,24.803,15.64,5.2133,53.87,10.427,25.276,4.8973,5.5292,0.15798,17.22,16.904,7.425,9.7946,7.425,2.5276,40.916,9.0047,9.0047,15.482,2.2117,4.8973,9.7946,8.8468,8.3728,3.9494
1.0417,1.6667,2.2917,8.75,18.542,29.792,83.958,4.5833,16.25,17.083,23.333,14.167,4.5833,55.625,10.625,28.958,5.4167,4.5833,0.20833,18.333,18.542,8.3333,10,7.5,3.125,40,8.3333,9.5833,17.292,2.9167,2.7083,11.458,10.208,7.9167,4.5833
1.6892,0.67568,3.0405,9.1216,21.622,32.432,90.203,3.7162,22.297,16.892,25.676,11.824,6.4189,57.095,14.189,31.081,6.0811,4.0541,0,20.946,22.973,10.135,10.811,7.7703,3.0405,42.905,8.4459,11.149,16.892,2.7027,1.0135,16.892,10.473,7.0946,3.0405
1.7422,2.0906,4.1812,11.498,25.087,37.631,85.017,6.2718,17.422,21.951,27.875,11.15,5.2265,57.143,13.937,33.449,5.5749,5.2265,0,20.906,24.042,10.453,11.498,10.801,3.8328,44.948,10.453,10.801,20.557,3.8328,0.34843,11.847,9.7561,6.9686,4.878
2.9412,1.2605,5.4622,10.924,30.672,36.134,91.597,6.3025,17.227,21.849,26.05,12.605,6.7227,55.462,12.185,45.378,10.084,6.3025,0.42017,21.429,29.412,8.4034,10.084,7.9832,2.1008,53.361,7.1429,13.866,20.588,2.1008,1.6807,17.227,11.765,7.563,11.345
7.4866,0.53476,3.7433,5.8824,32.086,37.433,105.35,7.4866,17.112,25.668,37.968,8.5561,4.2781,61.497,11.23,49.198,9.0909,4.2781,0,23.529,25.668,7.4866,12.834,8.5561,1.6043,54.011,13.904,13.904,27.273,2.139,0,18.717,13.369,6.4171,9.6257
1.1919,1.0727,3.4565,10.608,19.309,26.46,75.209,4.2908,14.779,15.137,20.62,11.442,4.41,57.211,10.25,28.486,6.5554,5.6019,0,16.806,15.495,9.2968,9.1776,6.1979,2.2646,38.975,13.349,8.7008,15.018,2.6222,2.2646,10.25,7.9857,9.0584,4.8868
1.1307,0.8794,3.1407,10.804,19.095,26.256,75.503,4.2714,15.075,14.95,20.98,11.558,4.2714,57.663,10.804,28.141,6.407,5.6533,0,17.211,16.08,9.1709,9.2965,5.9045,2.3869,38.568,13.442,8.9196,14.824,2.7638,2.1357,9.799,7.7889,9.4221,5.0251
1.2346,0.92593,3.0864,10.802,20.679,27.932,78.086,4.321,14.66,15.432,20.988,10.957,4.9383,59.722,10.494,28.395,6.1728,5.2469,0,16.512,16.667,9.4136,10.031,6.6358,2.6235,39.043,12.5,9.1049,15.123,3.0864,1.5432,9.2593,8.0247,9.4136,4.4753
1.0811,0.72072,3.0631,9.9099,19.099,26.126,76.036,3.964,16.036,14.955,22.342,10.631,5.045,60.721,10.631,28.108,6.1261,6.1261,0,16.937,16.937,8.2883,10.09,6.4865,3.0631,38.559,13.153,9.1892,14.775,3.6036,1.6216,9.5495,8.2883,8.8288,4.5045
1.6736,0.41841,3.7657,11.715,28.033,25.523,88.703,6.2762,17.155,12.552,24.268,9.6234,10.042,82.845,6.2762,30.126,3.7657,6.2762,0,18.828,30.962,6.6946,10.46,10.879,2.0921,41.841,15.063,14.226,12.971,2.5105,0.41841,10.46,9.6234,11.715,5.0209
2.4242,0.60606,4.2424,7.8788,29.697,24.242,82.424,5.4545,16.97,15.152,26.061,8.4848,13.333,79.394,8.4848,32.727,4.8485,7.8788,0,23.03,35.152,7.2727,10.303,10.909,3.0303,42.424,13.939,13.333,15.758,3.6364,0.60606,9.0909,12.727,10.303,7.2727
4.721,0.85837,6.0086,10.73,34.335,31.33,90.558,4.721,12.876,22.747,26.18,11.588,3.8627,57.94,10.73,33.476,8.1545,5.1502,0,18.455,24.464,11.588,11.588,9.8712,2.5751,49.356,8.5837,14.163,23.605,1.2876,2.1459,14.592,13.734,7.2961,7.2961
1.6194,3.6437,3.2389,8.502,34.008,38.057,82.996,5.2632,18.219,22.267,28.745,10.931,8.502,56.68,8.0972,32.389,5.668,3.2389,0,21.457,33.603,6.0729,11.336,10.931,2.4291,36.437,10.121,13.36,21.862,1.6194,2.0243,18.219,11.741,6.4777,5.668
1.5385,3.0769,7.1795,8.2051,28.718,35.897,89.744,5.641,26.154,20.513,37.436,10.769,8.2051,58.462,10.256,34.359,5.641,5.1282,0,26.154,31.282,9.7436,9.7436,9.2308,3.0769,44.103,12.821,10.769,18.974,3.0769,0,13.333,10.256,6.6667,2.0513
0.44248,2.6549,6.6372,10.177,25.664,37.168,104.87,7.5221,20.796,17.699,30.531,11.504,3.5398,59.735,8.4071,37.168,6.1947,2.2124,0,21.681,32.743,8.4071,11.947,10.177,3.9823,44.248,9.7345,15.044,18.142,3.0973,0.88496,12.832,14.159,7.9646,4.4248
0.91185,0.30395,5.4711,8.5106,26.444,39.514,86.93,6.383,22.188,15.502,22.796,14.59,1.2158,60.182,11.854,33.131,4.5593,2.4316,0.30395,14.894,18.541,7.5988,11.55,10.03,0.6079,44.377,10.942,9.1185,15.198,0.91185,3.0395,16.109,15.502,9.1185,3.6474
0.8,0.4,5.2,9.6,26.8,39.2,88.4,5.6,24,15.6,21.6,14.8,1.2,60.8,11.2,33.6,3.2,2,0,14.4,21.6,8,14,10.8,0.8,44,12.8,9.2,15.2,0.8,2.8,16.8,16,10,3.2
2.6316,1.1278,6.015,9.3985,32.331,29.699,92.481,5.6391,24.06,19.549,27.444,12.406,4.1353,53.008,14.286,40.602,5.6391,1.5038,0,19.549,31.955,10.15,11.654,8.6466,2.6316,50.752,14.662,10.902,19.925,2.6316,0,15.414,13.91,7.8947,3.0075
3.8576,0.59347,5.9347,10.089,24.036,31.157,88.724,6.8249,20.178,18.398,29.674,8.0119,2.3739,53.412,16.024,39.169,9.4955,2.6706,0,18.398,24.036,8.9021,11.869,10.089,2.3739,56.38,16.914,11.573,18.398,2.0772,0.59347,17.211,12.76,7.7151,6.5282
4.1985,1.145,7.2519,6.8702,34.733,37.023,92.366,5.7252,23.664,19.084,29.389,11.069,3.4351,55.344,12.214,38.168,7.6336,0.38168,0,21.374,26.336,10.687,13.359,7.6336,2.2901,44.656,15.267,14.122,18.702,1.9084,0.38168,17.557,18.321,6.1069,3.8168
1.868,1.2453,4.4832,9.9626,19.054,27.273,80.822,6.1021,15.816,16.314,25.405,12.827,3.3624,54.047,10.336,29.016,5.7285,4.4832,0.12453,17.808,21.171,6.2267,9.34,8.7173,3.2379,45.828,10.212,7.721,16.687,4.2341,3.8605,10.585,10.71,7.2229,6.2267
2.5581,1.3953,3.9535,8.6047,22.791,29.07,87.442,7.4419,17.442,20.465,23.721,13.488,3.2558,54.419,11.163,36.279,6.9767,3.2558,0,17.907,23.721,8.3721,10.465,10.93,2.7907,53.023,8.1395,8.6047,21.163,3.4884,2.5581,13.721,13.488,6.0465,6.9767
2.3256,1.1628,3.876,8.1395,26.744,29.07,89.535,7.3643,20.543,23.256,29.07,12.791,5.4264,56.202,8.1395,41.085,5.4264,1.1628,0,21.318,29.07,9.3023,13.178,12.403,4.2636,48.45,10.853,10.078,23.256,4.6512,1.1628,17.442,15.116,6.2016,3.4884
2.1008,0.84034,5.8824,8.8235,28.571,31.092,85.714,9.2437,16.807,17.647,31.933,12.605,1.2605,51.681,12.185,36.555,3.7815,0.42017,0,21.008,22.689,11.345,10.504,11.765,5.8824,49.16,15.966,9.6639,19.328,5.042,0.42017,14.706,15.546,8.4034,2.1008
2.4306,2.0833,4.8611,11.806,29.861,31.597,83.681,7.2917,17.361,19.097,33.333,11.111,4.5139,59.722,12.5,34.722,8.3333,2.0833,0,23.958,25,12.5,10.764,7.6389,2.7778,44.097,12.847,12.847,18.403,1.7361,0.69444,13.542,15.625,7.2917,3.4722
1.2195,0.60976,6.7073,8.5366,21.341,32.927,83.232,2.7439,21.646,14.939,23.476,10.976,0.91463,51.829,10.976,29.573,5.7927,2.7439,0.30488,16.768,24.39,7.0122,11.28,8.2317,3.0488,45.427,19.207,11.89,15.244,2.7439,0.91463,15.244,11.89,6.7073,3.9634
1.3514,0.45045,8.5586,9.4595,20.721,30.18,86.486,3.6036,21.171,13.964,25.676,12.613,0.9009,50,9.9099,30.631,4.955,0.9009,0.45045,18.468,27.928,8.5586,13.514,10.36,3.1532,40.991,21.622,12.162,14.865,2.7027,0.45045,15.766,13.063,8.1081,1.8018
1.6807,0.42017,5.8824,9.6639,26.891,28.571,90.756,5.042,23.95,13.445,22.689,11.345,0.84034,58.403,15.126,32.353,5.042,1.2605,0.42017,14.706,25.63,7.9832,10.084,9.6639,2.1008,49.16,14.286,13.445,13.025,1.6807,2.1008,17.647,15.966,9.2437,2.1008
1.6173,1.8868,6.7385,9.7035,26.685,36.658,89.757,4.5822,16.712,17.251,27.493,9.434,3.2345,52.561,10.512,34.232,7.5472,0.80863,0,17.52,20.485,9.7035,10.512,8.3558,1.6173,53.1,14.016,13.477,17.52,1.0782,0.26954,15.633,13.208,7.0081,5.9299
1.5625,2.7344,6.25,10.156,28.906,36.719,97.656,4.6875,19.922,17.188,30.859,7.8125,2.3438,53.906,10.156,38.672,6.25,0.78125,0,19.531,23.047,12.109,10.938,8.9844,1.9531,54.297,15.625,15.234,18.359,1.1719,0.39062,17.578,15.234,8.5938,5.0781
0.89419,1.6393,5.0671,8.1967,23.994,32.489,84.799,5.2161,16.095,19.672,26.826,11.624,3.7258,51.565,12.221,36.066,7.7496,2.3845,0.14903,19.97,19.523,8.7928,12.221,8.7928,3.4277,49.18,12.519,11.028,19.076,3.8748,0.89419,12.221,10.73,6.8554,6.1103
1.1236,1.8727,5.2434,7.6779,25.843,35.019,86.517,5.2434,15.169,20.412,26.03,11.985,3.7453,52.06,12.36,40.637,8.0524,1.4981,0.18727,20.037,19.663,9.5506,12.734,9.7378,2.9963,52.06,11.798,12.172,20.037,3.1835,1.1236,12.921,11.61,5.9925,6.1798
1.2821,2.2436,6.4103,6.0897,28.846,32.051,86.859,4.8077,19.872,22.436,25.641,12.179,3.2051,53.205,12.5,47.756,8.3333,1.2821,0,20.192,23.718,8.9744,13.141,8.6538,3.8462,55.769,14.103,12.5,21.795,3.5256,0,17.949,13.141,7.3718,6.4103
1.996,0.5988,5.988,9.7804,20.758,29.94,81.637,6.986,14.77,15.369,23.752,11.577,3.1936,52.695,11.178,31.936,7.3852,1.996,0.3992,19.96,19.361,8.7824,9.7804,8.3832,1.5968,46.307,13.174,7.7844,14.371,1.7964,1.7964,12.375,12.375,8.1836,5.1896
3.1447,0.9434,7.8616,7.8616,22.013,29.245,87.736,5.3459,18.868,16.667,28.931,11.95,1.8868,51.887,12.264,37.107,6.9182,0.9434,0,23.899,21.698,10.692,10.692,10.063,1.5723,55.031,15.723,9.434,15.409,1.5723,0.31447,17.296,14.151,8.4906,3.1447
2.963,0.74074,8.1481,8.1481,22.593,27.407,87.037,5.5556,21.111,17.407,29.259,12.593,2.2222,50.741,11.852,37.407,6.6667,0.74074,0,23.704,22.222,10.741,10.37,9.2593,1.8519,56.296,17.037,9.6296,16.296,1.8519,0,18.148,15.926,8.8889,2.2222
1.8797,1.5038,7.1429,10.902,29.323,38.346,91.729,6.015,24.436,16.917,25.188,11.278,3.0075,51.128,12.406,36.09,7.5188,0.75188,0,18.421,25.564,9.3985,10.902,8.6466,2.2556,47.744,17.293,11.278,16.541,3.0075,0.75188,17.293,13.534,6.391,4.1353
1.7544,1.3158,10.965,11.404,28.509,30.702,96.93,5.7018,21.491,15.351,25.877,12.281,5.7018,51.754,8.3333,39.474,6.5789,2.193,0,19.737,22.807,7.0175,11.404,8.3333,4.8246,43.86,15.789,14.912,16.228,4.386,2.193,14.912,14.035,8.7719,1.3158
2.454,1.227,7.0552,8.589,26.074,34.049,86.81,4.908,17.485,20.245,24.847,15.031,1.8405,53.374,12.883,36.81,8.589,1.5337,0,15.337,23.006,9.816,10.429,10.123,2.7607,44.479,11.35,13.497,20.245,2.454,2.7607,15.031,13.804,10.429,3.681
0.42194,1.2658,4.2194,11.392,38.397,41.772,100,5.0633,16.034,17.722,30.38,10.97,3.7975,56.118,17.3,37.975,5.0633,1.6878,0.42194,21.097,20.253,6.7511,10.127,11.392,2.1097,51.899,12.658,11.392,17.3,2.5316,2.5316,15.19,13.924,8.8608,2.9536
2.4561,1.4035,5.2632,9.1228,31.228,34.386,92.281,5.9649,23.509,15.789,28.772,13.333,2.807,61.053,10.877,35.789,5.9649,3.1579,0.35088,21.053,31.228,8.4211,13.333,8.7719,4.2105,55.439,15.789,12.281,16.842,4.2105,2.4561,20.702,14.035,7.7193,6.3158
1.7808,1.6438,4.5205,9.726,20.137,28.082,78.767,4.2466,14.11,13.151,21.781,14.521,1.7808,56.712,12.466,32.74,6.9863,6.4384,0.27397,12.877,15.479,7.2603,11.644,6.7123,2.0548,38.767,9.863,5.7534,12.466,1.5068,5.2055,8.6301,11.233,10.685,6.3014
3.2895,0.32895,6.5789,10.197,31.908,33.882,98.355,6.25,19.079,21.053,28.289,11.513,3.6184,56.25,9.5395,41.776,7.2368,1.3158,0,15.789,20.066,9.2105,10.855,8.5526,1.3158,48.026,9.8684,7.5658,20.395,0.98684,0,10.855,15.789,10.855,4.2763
2.2422,0.44843,5.3812,7.6233,23.318,25.112,81.614,6.7265,21.076,13.453,22.87,10.314,0.89686,60.09,11.659,31.39,4.4843,0.44843,0,20.179,20.179,9.8655,11.211,6.7265,2.2422,54.709,18.386,9.8655,13.004,2.2422,1.7937,15.247,14.798,9.8655,2.6906
2.7295,0.24814,6.4516,9.6774,25.31,27.047,85.608,6.2035,16.873,18.859,19.355,11.414,3.4739,55.583,10.174,39.206,6.9479,1.737,0,14.64,19.603,9.9256,9.4293,9.4293,1.4888,44.417,10.174,11.414,18.61,1.4888,1.2407,11.166,12.903,10.174,6.9479
3.4056,0,7.4303,9.5975,29.102,24.458,88.545,6.8111,17.337,19.195,20.433,10.217,3.7152,53.251,10.526,38.39,5.5728,1.8576,0,15.17,21.672,10.836,10.526,11.455,1.548,43.963,11.455,12.384,18.885,1.548,1.2384,11.765,14.551,10.217,5.8824
0.7874,1.378,6.4961,9.4488,20.472,29.528,79.921,4.7244,13.189,11.22,25.984,12.598,2.1654,58.858,13.78,31.102,8.0709,2.1654,0.3937,18.307,15.748,6.1024,9.252,9.0551,1.7717,38.189,12.402,7.6772,11.811,1.5748,1.5748,10.236,12.402,11.614,4.5276
1.2121,1.5152,8.1818,8.4848,24.545,30.303,83.939,6.0606,16.667,13.636,27.879,11.515,0.60606,55.455,12.727,36.061,8.4848,1.8182,0,19.091,17.879,7.2727,10.303,10.909,1.8182,38.788,15.455,10,13.939,1.5152,0.60606,12.121,12.424,10.606,4.5455
1.5625,1.1719,9.375,7.4219,25.391,28.906,89.844,5.8594,17.969,14.062,29.297,10.547,0.78125,55.859,13.281,36.328,8.2031,0.78125,0,20.312,19.141,7.8125,10.547,10.938,1.9531,42.578,17.188,10.938,14.062,1.5625,0,12.891,13.281,11.719,3.9062
1.8813,1.7366,3.7627,10.854,23.155,29.088,78.582,5.0651,16.064,14.906,21.708,13.603,2.3155,52.098,9.4067,31.548,6.2229,6.3676,0,16.498,17.656,7.2359,8.3936,7.8148,2.7496,41.245,11.433,7.2359,14.906,2.4602,6.2229,8.1042,11.433,8.8278,6.0781
2.2263,1.4842,4.0816,10.204,25.046,30.612,78.293,4.8237,17.254,16.327,21.336,11.874,1.6698,51.206,9.6475,35.622,6.8646,5.1948,0,16.141,17.44,8.3488,9.462,7.4212,2.9685,43.599,10.946,6.8646,16.327,2.9685,4.6382,8.7199,12.987,8.3488,7.4212
1,1.6667,5.3333,10.333,20.333,33,85,6,18,25.333,25.667,12.667,4,49.667,8.3333,34,6,6,0,19,17,9.3333,7,9.3333,2,43,10.333,13.333,24.333,2,1.6667,11,17,6.6667,6.3333
0,0.85837,5.5794,12.876,33.476,26.18,84.979,6.4378,17.167,19.313,25.751,14.163,4.721,45.494,6.867,24.464,3.8627,3.8627,0,16.309,22.318,8.5837,8.1545,7.2961,3.4335,42.489,11.588,11.588,19.742,3.0043,0.42918,10.73,18.884,6.867,2.5751
1.5094,1.8868,4.1509,8.6792,19.245,28.679,85.283,7.1698,21.132,17.736,25.283,12.453,2.6415,59.623,9.0566,31.698,4.5283,4.1509,0,15.849,21.509,7.5472,9.0566,6.0377,3.0189,44.906,15.849,15.094,17.358,2.6415,1.5094,15.094,13.585,8.3019,5.6604
0.49751,1.99,3.4826,10.448,17.91,23.383,85.075,6.4677,17.413,16.915,23.383,10.945,3.4826,56.716,8.4577,27.861,2.9851,0.49751,0,15.423,20.896,6.9652,7.4627,7.9602,3.4826,38.308,14.925,14.428,15.92,2.9851,1.99,15.92,13.93,8.9552,1.4925
0.45455,2.2727,4.5455,9.5455,21.364,27.727,73.182,3.6364,15,19.545,25.909,11.364,4.5455,52.727,15,27.273,6.3636,0.45455,0,16.364,14.545,5.9091,10,7.7273,3.6364,46.818,15,12.273,18.636,3.1818,2.7273,15.455,15.455,5.4545,1.8182
0.76336,2.6718,8.0153,13.74,23.282,27.863,81.679,8.7786,14.122,19.847,24.809,11.45,4.9618,50.382,9.1603,37.023,6.8702,1.5267,0,16.794,18.702,8.0153,11.069,8.3969,1.5267,43.511,13.74,11.069,19.847,1.5267,1.5267,12.214,13.359,11.45,5.3435
1.2397,1.2397,6.6116,9.0909,23.967,26.86,90.496,8.2645,16.529,21.074,19.421,14.05,4.5455,49.587,10.744,27.686,5.3719,2.8926,0,16.942,20.248,10.744,6.6116,6.1983,4.9587,42.562,10.744,10.331,21.901,4.9587,1.2397,11.983,16.116,9.5041,3.3058
0.68259,0,6.1433,8.1911,22.184,33.106,89.078,5.1195,13.652,21.843,23.549,12.287,6.1433,47.44,11.604,37.201,8.8737,6.1433,0,17.747,21.16,5.802,8.8737,4.0956,1.0239,48.464,12.969,10.922,20.819,1.3652,2.3891,13.311,15.358,7.5085,11.945
0.44248,1.7699,5.7522,5.3097,28.761,32.301,94.69,6.6372,14.602,20.796,18.584,11.504,2.6549,46.018,7.9646,28.761,3.5398,3.5398,0,9.7345,16.814,8.4071,2.6549,6.6372,2.2124,42.478,12.389,15.044,20.354,2.2124,2.2124,15.487,17.257,7.0796,1.7699
1.6,0.8,4.8,13.2,27.6,30.4,92.4,5.2,20.8,25.2,27.6,10,2.8,54.4,9.2,34.8,8.4,4,0,18.8,26.8,7.6,9.2,8.8,1.2,61.2,14,12.8,25.2,1.6,1.2,12.4,14.8,5.6,8.4
0.25707,2.0566,5.3985,9.5116,14.91,16.452,71.979,4.1131,6.9409,13.368,22.108,15.681,2.3136,46.015,7.455,23.65,3.3419,5.3985,0,15.938,13.882,6.9409,11.825,7.1979,1.5424,31.105,13.625,9.7686,13.625,1.5424,7.7121,9.7686,11.825,9.7686,3.0848
1.1236,0.74906,3.7453,11.61,20.225,27.715,73.034,2.9963,11.236,13.109,23.596,18.727,5.9925,51.311,10.112,26.217,4.4944,4.8689,0,14.232,17.978,4.4944,8.9888,5.2434,1.8727,33.333,19.85,8.9888,11.61,2.2472,7.1161,7.1161,12.36,10.861,7.4906
1.6216,1.6216,4.8649,12.973,32.973,30.27,90.811,5.4054,14.054,23.243,27.568,13.514,7.027,50.27,8.6486,28.108,7.5676,1.6216,0,16.216,30.27,8.6486,8.1081,8.6486,1.0811,55.135,14.595,16.757,22.162,1.0811,1.6216,15.676,17.838,5.9459,8.1081
0.44643,0.44643,5.8036,12.5,20.536,22.321,64.732,3.5714,12.946,11.161,20.089,14.286,5.3571,48.661,12.946,26.786,4.4643,3.5714,0,13.839,14.286,4.9107,11.161,4.0179,0.89286,26.339,18.304,7.1429,11.607,1.3393,2.6786,8.4821,13.393,12.054,4.9107
0,0.73529,3.6765,7.7206,21.324,22.059,76.471,2.2059,15.441,11.765,21.691,17.279,1.8382,45.956,11.765,27.941,4.0441,5.1471,0,11.029,18.75,3.6765,9.5588,5.8824,1.1029,38.971,17.647,8.8235,12.868,0.73529,2.9412,14.338,12.132,11.765,1.8382
0.51993,0.69324,5.7192,9.1854,18.024,27.73,67.591,3.2929,12.305,12.825,19.584,11.958,1.7331,50.607,13.345,24.61,5.7192,5.8925,0.69324,14.731,14.731,6.5858,12.132,6.9324,3.4662,42.461,12.998,5.7192,13.172,3.4662,1.9064,8.3189,11.265,9.3588,5.3726
0.43764,0.65646,6.3457,10.066,19.475,29.322,70.678,3.5011,14.004,14.223,20.569,12.035,1.9694,50.547,13.129,26.258,5.9081,4.814,0.43764,14.223,15.974,7.221,12.035,8.0963,3.7199,44.858,12.254,6.7834,14.88,3.7199,1.9694,8.9716,11.597,9.1904,5.0328
0.46948,0.46948,6.5728,7.0423,27.7,22.535,81.69,4.2254,15.962,13.615,22.066,14.085,1.8779,49.765,15.023,23.474,3.7559,2.3474,0,15.962,18.31,7.0423,11.268,8.9202,5.6338,45.07,16.432,7.9812,13.615,4.2254,3.2864,12.207,13.146,10.329,3.2864
0.50761,0.50761,4.8223,9.1371,22.081,35.533,81.472,6.0914,15.228,16.497,19.543,7.3604,3.2995,53.046,13.198,33.503,6.0914,5.8376,0,14.721,18.274,8.3756,9.8985,8.6294,2.7919,44.416,14.975,9.8985,17.513,2.2843,1.7766,9.8985,10.66,7.868,7.1066
1.3652,1.3652,5.4608,8.1911,22.526,23.891,77.133,2.7304,15.358,12.628,21.502,10.922,2.3891,49.829,9.5563,25.939,4.7782,7.8498,0,12.628,17.406,5.802,9.215,4.7782,0.68259,44.71,14.676,7.5085,12.969,1.0239,1.3652,11.263,13.311,11.604,8.1911
0,0,4.8077,9.6154,22.596,22.596,75.481,2.4038,11.058,12.5,20.192,10.096,1.4423,50.962,8.1731,24.038,1.9231,1.9231,0,8.6538,16.346,4.8077,10.096,6.25,0.48077,43.75,16.827,6.7308,12.981,0.96154,1.9231,12.5,14.423,12.981,3.8462
0.43478,1.3043,5.2174,10,27.826,26.522,92.174,5.6522,16.522,23.043,24.783,9.1304,3.0435,46.522,10.87,32.609,3.4783,7.8261,0,14.783,21.304,9.5652,9.5652,5.6522,3.4783,43.043,13.043,9.1304,23.478,3.0435,1.7391,8.2609,14.348,10.435,6.5217
1.6667,0.33333,5.6667,8.3333,24,28.333,85,4,22.333,19.333,20,11,1.3333,46.333,9,28,6,7.3333,0,13.667,24.333,7.3333,6,5.6667,1.3333,44,13.667,12.667,18.667,0.33333,1.6667,12.667,15.667,10.667,7
2.8169,2.3474,5.6338,9.3897,18.075,19.484,76.761,3.9906,12.207,10.563,17.84,20.657,0.93897,54.225,10.329,19.014,3.2864,7.7465,2.1127,10.329,17.84,3.7559,5.8685,8.216,0.70423,41.549,15.728,9.3897,10.563,0.93897,15.962,15.962,10.329,9.3897,7.5117
1.2346,1.6461,3.7037,13.58,23.868,20.165,75.309,6.9959,13.169,20.576,22.222,11.523,2.0576,48.148,8.642,32.922,5.7613,3.2922,0,17.695,16.049,7.8189,9.0535,8.2305,2.4691,41.975,15.638,7.4074,19.342,2.0576,1.2346,8.642,13.169,11.523,5.7613
0.34602,2.7682,5.1903,14.879,20.761,34.602,94.118,7.9585,18.685,15.571,23.875,13.841,4.4983,58.478,17.647,29.412,4.8443,3.4602,0,13.149,26.298,3.8062,8.3045,11.765,1.3841,43.253,12.803,9.3426,15.225,1.3841,5.1903,13.149,10.727,10.035,7.2664
0,2.0833,4.6875,11.458,27.083,26.042,84.896,6.7708,6.7708,9.8958,22.917,16.146,5.7292,56.771,13.021,21.354,3.125,6.7708,0,15.625,18.229,3.125,8.8542,6.7708,2.6042,52.083,21.875,5.2083,9.8958,2.0833,9.8958,9.375,11.458,13.021,4.6875
0,0.5,4.5,8.5,28,20.5,73,5.5,13.5,13,17.5,13.5,1.5,48,9,29.5,1,1.5,0,12.5,26,5,7.5,9.5,2.5,34.5,19.5,11,15,2,4,17.5,14,10,4
0.5988,0.5988,5.3892,10.978,17.964,22.555,72.854,5.1896,10.379,12.974,18.962,13.772,2.994,46.906,7.984,22.954,5.3892,3.3932,0,16.367,13.174,5.1896,8.982,7.3852,2.1956,35.529,13.174,6.7864,12.176,1.5968,5.3892,5.5888,9.98,11.976,4.99
1.1673,1.9455,4.2802,12.84,21.401,27.626,74.708,6.6148,19.455,22.179,22.568,13.619,1.9455,49.805,6.2257,28.016,4.6693,3.8911,0,12.451,17.51,5.8366,8.5603,5.0584,1.5564,39.3,12.84,11.284,19.844,1.9455,3.1128,10.506,17.51,12.062,5.8366
0.47619,0.47619,4.7619,8.5714,36.19,30,88.095,6.1905,18.571,21.905,28.571,10.476,5.2381,57.619,9.0476,37.143,6.6667,3.8095,0,17.619,25.238,11.905,9.5238,3.8095,2.8571,50.476,16.667,8.0952,20.952,2.381,0.47619,10.476,14.286,9.0476,7.1429
9.3583,1.8717,6.1497,6.6845,11.765,20.588,61.497,4.5455,10.963,11.23,13.102,14.973,4.8128,52.941,8.0214,35.561,8.0214,3.7433,3.7433,8.8235,14.706,2.4064,3.7433,3.4759,5.615,49.198,13.636,5.8824,10.428,6.1497,13.904,8.8235,17.112,12.032,6.4171
14.603,3.1746,2.8571,6.6667,17.46,21.27,73.651,6.3492,15.238,11.111,16.825,22.54,5.0794,59.683,10.159,43.492,6.0317,5.3968,1.5873,12.063,17.46,4.127,5.0794,6.0317,3.1746,51.429,11.111,8.5714,11.111,3.1746,19.683,6.3492,15.873,13.016,15.238
12.928,3.4221,3.0418,6.8441,16.35,20.913,66.54,4.943,12.928,11.027,16.73,21.673,5.7034,59.316,10.646,40.304,5.7034,3.4221,1.9011,10.646,15.97,4.5627,5.7034,5.7034,3.4221,49.43,12.928,8.7452,11.407,3.8023,19.392,5.3232,17.49,12.928,10.646
10.738,4.0268,4.698,5.0336,14.765,18.792,69.463,3.6913,13.758,13.758,18.121,16.107,5.0336,54.362,11.745,35.906,6.0403,6.0403,3.0201,12.081,13.758,5.0336,3.3557,7.3826,4.3624,43.624,10.403,8.3893,14.43,4.0268,14.765,5.0336,16.107,13.758,9.396
13.468,4.3771,4.3771,7.0707,16.498,25.589,76.094,5.0505,12.795,12.121,16.835,24.242,6.0606,47.811,10.101,37.374,6.3973,10.101,6.0606,8.7542,19.865,6.3973,7.4074,7.7441,4.3771,44.108,12.458,7.4074,12.795,4.3771,23.906,5.3872,14.815,15.825,14.478
10.319,1.4742,4.6683,8.1081,17.936,22.85,69.287,5.1597,19.165,13.514,15.725,16.953,4.914,53.317,14.742,38.575,8.1081,5.8968,2.2113,12.776,15.725,5.1597,5.4054,5.1597,2.7027,48.157,11.548,4.914,13.514,1.9656,12.039,8.3538,12.285,9.0909,10.074
13.534,1.8797,4.5113,7.1429,19.549,20.301,66.541,6.391,17.293,13.534,16.541,20.677,5.6391,54.511,15.038,41.729,7.5188,6.391,3.0075,12.03,15.414,4.1353,4.5113,4.8872,2.6316,45.865,10.15,3.7594,13.534,1.8797,16.541,6.7669,13.91,10.902,10.902
9.6491,2.2807,6.3158,8.9474,15.789,22.456,78.596,4.386,12.982,11.228,18.421,21.053,5.0877,53.86,10.175,31.754,7.3684,5.0877,1.4035,14.912,13.333,5.614,7.0175,6.8421,2.2807,39.474,12.281,4.9123,10.702,2.1053,14.561,4.2105,13.158,11.579,11.404
16.129,3.629,8.0645,4.8387,16.129,19.355,74.194,6.0484,10.887,13.71,16.129,22.581,7.2581,55.645,9.2742,40.726,7.6613,3.2258,2.0161,14.516,17.339,5.2419,3.629,6.4516,4.0323,41.935,16.935,4.0323,12.903,3.2258,17.742,4.8387,16.935,12.903,11.694
10.425,1.5444,5.7915,8.4942,16.602,23.552,74.131,5.4054,15.058,13.514,18.147,22.008,2.3166,70.27,11.197,35.907,5.4054,6.1776,1.9305,13.9,20.077,4.6332,4.2471,7.722,4.6332,48.649,11.583,10.425,13.127,5.0193,13.9,4.6332,13.9,12.355,9.6525
5.3731,3.2836,4.1791,8.3582,19.104,22.388,73.134,3.5821,9.2537,15.522,22.388,23.582,0.59701,51.642,8.6567,32.537,6.2687,15.224,0.89552,17.91,22.388,2.6866,9.5522,5.0746,4.4776,39.701,11.343,7.1642,14.627,3.8806,17.91,5.9701,12.836,10.149,17.313
7.3569,1.9074,3.5422,5.1771,16.076,16.076,66.757,4.6322,17.166,10.354,13.624,18.529,1.3624,55.586,9.8093,33.243,7.0845,7.3569,2.1798,11.717,16.349,3.2698,4.6322,3.8147,4.9046,39.237,10.899,7.0845,10.627,3.2698,13.624,6.5395,14.441,9.2643,11.172
15.138,4.5872,5.0459,8.2569,19.725,23.853,77.523,5.5046,9.1743,14.22,18.807,24.771,7.7982,61.009,6.8807,38.532,5.5046,4.1284,1.8349,13.761,19.266,4.1284,5.5046,9.633,4.1284,50.459,14.679,8.7156,13.303,4.1284,22.936,4.5872,14.22,16.055,12.385
11.538,3.4188,3.4188,6.8376,15.385,20.94,77.778,5.9829,19.658,14.957,19.231,22.222,5.5556,54.274,11.538,38.889,7.265,3.8462,2.1368,16.667,18.803,6.4103,2.1368,7.265,2.9915,50,16.667,5.5556,15.385,2.1368,15.385,5.1282,15.385,11.966,8.9744
11.146,3.4056,4.9536,4.644,20.743,24.458,79.257,5.5728,19.195,13.313,20.124,21.672,2.4768,53.56,8.9783,30.96,7.1207,4.0248,1.548,15.17,20.433,5.2632,4.0248,8.0495,2.7864,48.916,15.17,8.3591,13.003,2.1672,13.622,9.9071,13.622,13.932,10.526
11.745,3.0201,4.698,7.7181,17.114,16.107,67.45,4.0268,16.107,16.443,22.148,12.081,3.3557,50.671,10.738,37.584,8.0537,9.0604,1.6779,16.107,17.45,3.3557,5.0336,6.3758,3.0201,45.973,12.081,8.7248,16.443,2.349,13.758,6.0403,16.779,13.423,9.7315
11.538,2.6224,5.5944,6.8182,16.259,13.287,59.965,2.972,10.664,9.2657,18.881,15.909,1.7483,48.951,10.14,29.021,7.1678,4.5455,5.4196,14.336,17.133,3.4965,4.021,3.6713,7.1678,49.126,13.811,6.4685,9.4406,7.1678,10.664,8.2168,14.51,12.762,6.4685
20.47,3.0201,6.3758,6.3758,20.47,19.128,79.195,3.3557,16.779,13.423,22.148,32.886,4.3624,59.396,8.0537,40.94,8.7248,3.6913,9.0604,17.114,21.141,4.698,1.6779,7.047,8.7248,48.993,14.094,12.752,13.087,8.3893,24.832,9.7315,17.785,14.765,14.094
11.34,5.8419,6.8729,4.811,20.619,33.333,88.316,6.1856,15.12,11.34,18.9,33.677,2.4055,49.828,9.9656,40.206,3.4364,4.1237,3.4364,14.777,19.244,3.4364,2.7491,9.2784,3.7801,46.048,12.715,6.8729,10.997,3.0928,29.553,1.0309,11.34,13.746,7.5601
11.574,2.3148,6.9444,6.4815,18.981,23.148,74.074,5.0926,17.13,15.278,16.667,24.074,4.1667,62.963,7.8704,33.333,4.1667,6.9444,1.3889,12.5,25.926,3.7037,6.0185,4.6296,4.6296,40.741,15.278,4.6296,15.741,4.6296,19.907,5.0926,15.741,13.889,13.426
11.111,2.0672,4.1344,8.2687,21.447,26.615,85.013,4.3928,19.121,14.729,19.638,19.897,4.9096,68.734,8.7855,34.367,4.1344,7.2351,1.292,15.762,18.605,3.876,8.0103,8.0103,1.5504,47.028,10.853,7.4935,13.695,1.8088,11.886,5.6848,13.437,12.661,12.661
13.48,1.8809,4.0752,7.21,21.944,26.959,86.207,4.0752,21.317,12.853,17.868,20.063,4.7022,73.354,9.7179,39.498,4.3887,6.8966,1.2539,15.047,21.003,3.7618,7.5235,7.21,1.8809,49.53,11.285,8.1505,11.912,2.1944,12.226,6.5831,14.107,14.107,15.361
14.348,2.1739,5.2174,6.087,21.739,21.304,84.783,3.4783,18.261,13.478,19.13,21.304,6.5217,76.957,7.3913,39.565,3.0435,4.7826,1.7391,15.217,24.783,3.0435,7.8261,6.5217,2.1739,46.957,10.87,9.5652,12.174,2.6087,14.348,6.087,17.826,16.087,13.913
1.2879,0.94323,3.6459,6.6389,7.6365,4.5166,47.415,1.0883,11.373,9.9039,18.52,14.91,0.59859,35.788,9.6499,25.794,7.437,13.931,5.3873,14.765,9.7406,12.697,9.7406,2.9748,6.3849,36.369,12.842,3.3557,9.8857,7.0198,8.7792,2.7571,10.72,9.5774,9.6136
20.69,1.7241,7.931,8.2759,17.931,27.931,91.724,5.5172,20.345,15.862,23.103,17.931,5.1724,65.517,14.138,48.966,6.2069,6.5517,3.4483,16.552,19.655,5.1724,5.1724,7.931,1.7241,63.103,14.138,11.724,14.828,2.7586,17.241,7.5862,10.69,14.138,15.862
24.257,1.9802,8.4158,7.4257,19.802,24.257,88.614,5.4455,15.842,17.327,26.238,21.782,7.4257,65.347,10.396,49.505,4.4554,2.9703,4.9505,16.337,17.822,5.9406,5.4455,8.9109,2.4752,56.436,13.366,11.386,16.832,3.9604,22.772,6.4356,14.851,15.842,9.901
11.218,1.2821,7.0513,7.3718,12.179,18.91,60.897,5.7692,11.218,12.5,17.949,16.667,6.7308,57.372,6.0897,36.538,7.0513,3.2051,2.8846,15.385,12.821,3.2051,7.0513,7.3718,3.5256,46.154,16.346,9.9359,12.5,3.8462,14.744,5.1282,12.821,13.782,6.7308
12.464,2.8986,4.9275,6.087,19.13,13.623,65.507,4.9275,17.101,11.304,17.971,18.841,2.3188,61.449,8.6957,33.913,8.6957,6.6667,3.1884,15.652,16.232,4.9275,3.1884,5.5072,5.2174,46.087,15.072,8.4058,11.014,5.7971,15.072,4.6377,11.884,13.913,13.043
9.4862,3.5573,3.9526,5.9289,17.787,29.644,69.565,5.5336,13.439,13.043,18.972,18.577,4.7431,63.636,6.7194,34.387,5.1383,3.1621,0,11.462,20.553,5.5336,7.1146,9.0909,5.1383,56.522,14.229,7.5099,12.253,3.5573,17.787,7.1146,16.601,14.229,9.0909
17.257,3.9823,4.4248,6.1947,17.257,29.646,86.283,5.3097,13.274,12.832,24.336,21.239,2.6549,69.912,7.5221,38.053,6.1947,7.9646,2.6549,16.372,19.912,5.3097,3.0973,8.4071,3.0973,44.248,11.947,7.9646,12.389,3.9823,19.912,5.7522,14.159,15.487,18.584
15.88,4.2918,4.2918,8.1545,18.884,24.893,79.828,5.1502,17.597,12.017,19.313,21.459,4.721,69.099,6.867,35.193,8.1545,3.4335,3.0043,12.876,18.026,7.2961,5.5794,6.4378,3.8627,47.639,14.592,9.8712,12.876,3.8627,16.738,7.7253,16.738,18.455,13.305
17.901,3.0864,6.1728,4.9383,19.753,26.852,82.407,4.6296,21.914,12.037,19.444,15.432,7.0988,70.679,12.963,44.753,8.3333,4.9383,4.6296,13.272,20.988,4.0123,6.1728,6.4815,4.9383,59.259,13.272,8.9506,12.037,4.321,15.741,7.4074,12.654,16.049,13.58
13.397,1.9139,4.7847,8.6124,17.225,27.273,88.517,3.8278,18.66,12.919,19.617,22.01,6.2201,69.856,9.0909,45.455,4.7847,5.7416,1.9139,10.048,20.574,4.7847,7.177,8.134,4.7847,55.502,13.876,7.6555,11.483,3.3493,16.746,5.7416,18.66,16.746,10.526
16.418,4.4776,6.4677,7.9602,19.403,27.363,87.065,4.4776,19.9,12.935,16.915,25.373,3.4826,72.637,6.9652,39.303,3.4826,6.9652,6.9652,13.433,19.403,9.4527,9.4527,7.4627,3.9801,49.254,16.915,7.4627,13.93,3.9801,22.886,4.4776,16.915,16.418,12.935
17.692,5,4.2308,10.385,23.846,18.846,90,3.4615,16.154,15,22.692,32.692,8.0769,63.077,11.538,43.846,6.5385,13.462,2.6923,16.538,28.077,6.9231,6.1538,14.231,13.077,58.846,11.538,8.4615,14.615,10,24.615,3.8462,10,15.769,25.385
11.749,3.0055,4.6448,7.6503,18.033,17.76,69.672,4.3716,14.208,13.115,16.667,24.863,5.7377,55.738,9.0164,34.973,6.2842,5.1913,2.459,13.115,19.399,2.1858,6.2842,4.918,3.8251,48.361,10.109,6.8306,12.842,3.0055,20.219,6.8306,9.2896,10.109,5.1913
14.787,5.0125,7.0175,8.0201,16.291,20.301,79.449,4.2607,15.038,13.534,19.549,30.576,2.7569,54.637,9.7744,44.361,7.5188,13.784,3.5088,13.784,23.559,3.7594,6.015,7.0175,4.7619,58.897,10.276,8.5213,13.283,6.015,22.055,6.5163,10.025,11.028,15.288
12.539,3.7618,6.5831,7.21,15.047,15.047,85.893,5.0157,14.734,10.658,19.436,32.915,5.9561,60.815,6.5831,36.364,5.0157,12.226,3.1348,16.614,19.749,5.3292,7.837,7.837,8.7774,45.141,15.987,5.3292,10.345,7.21,23.197,4.0752,12.539,13.793,12.853
9.697,3.0303,5.0505,9.0909,17.576,23.636,89.899,6.0606,18.384,13.333,20.808,24.04,5.4545,59.596,11.515,32.323,5.4545,8.6869,0.80808,15.556,19.192,8.2828,9.0909,9.4949,5.6566,53.333,14.141,8.2828,13.131,5.0505,15.758,5.4545,9.2929,13.737,15.152
16.935,4.8387,6.4516,7.2581,18.145,18.952,97.984,6.4516,16.532,13.306,20.161,35.081,6.8548,62.903,5.6452,37.097,3.629,11.694,1.6129,13.71,28.226,8.0645,8.871,10.484,8.871,58.871,17.339,9.2742,12.903,8.0645,26.613,4.0323,9.6774,17.742,21.774
21.481,6.6667,4.0741,5.5556,18.148,18.889,75.185,8.5185,17.778,12.222,22.593,27.037,8.1481,66.667,9.2593,44.444,9.2593,3.7037,9.2593,16.296,23.704,6.6667,2.5926,5.5556,7.037,62.593,12.222,5.5556,12.222,8.1481,26.296,8.5185,12.593,14.444,17.407
14.615,4.1026,5.3846,6.9231,21.538,19.744,85.641,4.359,17.692,12.564,18.974,25.385,4.359,52.308,10.513,34.615,6.4103,11.026,2.3077,13.59,23.59,5.641,7.1795,5.8974,6.9231,51.795,13.333,10.256,12.821,6.1538,18.205,4.1026,10,12.051,15.641
20.652,5.7971,6.1594,5.7971,24.275,17.029,91.304,4.3478,15.217,11.957,20.29,30.072,5.7971,53.986,7.6087,36.957,5.4348,13.406,3.2609,14.493,26.449,6.1594,6.5217,7.2464,8.6957,54.348,12.681,9.7826,11.957,8.3333,24.638,1.4493,10.87,14.13,18.841
16.729,5.5762,8.5502,6.6914,18.216,20.074,96.654,4.0892,20.074,12.639,17.844,28.996,4.8327,63.197,9.6654,36.431,5.5762,14.126,2.6022,16.729,25.279,4.461,5.5762,8.9219,9.2937,62.082,12.639,12.639,12.268,8.9219,22.305,1.487,7.0632,12.639,18.587
15.741,4.6296,5.2469,6.4815,20.37,15.741,75,5.5556,15.123,10.494,23.148,26.852,5.8642,62.346,9.8765,43.827,6.7901,2.1605,3.3951,15.432,23.148,5.5556,5.5556,4.9383,8.9506,55.556,15.432,10.494,10.185,8.3333,20.062,5.5556,9.5679,13.58,11.728
16.579,2.1053,5.2632,5,16.053,11.316,77.368,3.4211,14.737,11.053,18.684,27.105,5.2632,55.789,7.8947,36.053,7.1053,6.0526,3.6842,13.684,21.842,3.9474,4.4737,8.4211,4.7368,52.632,10.526,7.6316,11.579,5.7895,23.684,3.6842,10.526,12.895,9.2105
17.1,2.6022,5.2045,6.6914,20.446,20.074,71.375,5.2045,15.985,8.1784,26.394,22.677,7.8067,70.632,9.6654,40.52,5.5762,1.8587,5.2045,14.498,24.164,6.6914,5.5762,5.948,6.6914,56.506,13.755,7.0632,8.1784,7.0632,22.305,6.6914,19.703,13.383,7.0632
19.245,6.0377,9.434,6.0377,27.925,13.962,83.019,5.6604,12.453,16.604,22.264,34.717,6.4151,58.868,8.6792,45.66,8.3019,11.321,3.0189,16.981,30.943,7.9245,6.0377,7.1698,12.075,57.736,14.717,10.566,15.472,12.83,23.774,3.3962,15.472,13.208,19.623
17.804,2.6706,7.4184,8.6053,21.662,16.024,77.151,7.7151,13.353,12.166,22.849,29.08,6.2315,61.128,8.6053,40.95,5.638,6.2315,4.7478,15.727,17.507,4.1543,1.7804,5.9347,5.3412,54.896,11.573,6.5282,11.573,5.0445,23.145,9.1988,10.979,13.65,11.276
15.88,3.4335,6.0086,6.867,21.03,20.601,74.249,5.1502,21.459,13.305,15.88,18.455,8.5837,69.528,8.1545,36.91,5.1502,4.721,0.42918,10.73,22.747,5.1502,4.721,7.2961,4.2918,54.077,14.163,7.7253,13.734,3.8627,16.738,3.0043,12.876,15.451,11.588
11.364,2.8409,5.6818,6.8182,15.057,18.182,76.705,5.3977,19.886,12.5,21.591,19.034,6.25,50.568,8.8068,31.534,7.1023,4.2614,1.9886,12.216,21.875,5.3977,5.3977,6.8182,3.125,53.125,12.5,6.25,13.068,2.2727,14.489,8.5227,10.227,11.08,10.227
14.226,2.5105,6.2762,5.0209,13.808,16.318,70.293,4.6025,14.644,12.552,18.41,20.921,7.9498,50.628,8.7866,34.31,7.5314,4.1841,2.9289,11.297,18.828,5.8577,3.7657,7.9498,3.7657,53.138,11.715,5.8577,12.971,2.5105,19.247,6.6946,12.134,12.552,10.46
26.429,1.7857,6.7857,9.2857,21.071,16.429,69.643,6.7857,15.357,9.6429,16.429,30,7.5,58.214,12.857,44.286,7.8571,2.5,9.6429,11.786,16.429,5.3571,6.7857,8.5714,4.6429,59.643,14.286,8.9286,10,3.5714,25.714,11.071,10.357,14.643,16.429
14.744,2.2436,4.8077,7.3718,16.987,13.782,67.949,7.0513,17.308,11.218,17.308,17.628,7.0513,54.167,6.7308,38.462,7.6923,6.4103,3.8462,13.141,12.5,4.4872,3.8462,5.7692,5.1282,51.282,11.218,8.9744,11.538,5.4487,18.59,4.8077,10.577,15.064,11.859
13.407,3.2967,5.4945,9.6703,16.484,14.945,74.066,6.8132,12.747,9.6703,16.703,21.538,6.5934,65.275,9.4505,40.659,5.4945,3.2967,2.6374,13.407,21.758,4.8352,3.5165,3.956,4.6154,52.088,13.626,6.5934,9.011,4.3956,18.022,9.6703,9.011,16.044,7.6923
14.706,3.5294,6.1765,8.8235,17.353,12.059,68.235,6.1765,11.176,11.176,17.647,23.824,7.6471,63.235,8.2353,42.941,5.5882,2.3529,3.5294,13.529,20.882,4.4118,3.2353,2.6471,6.1765,52.353,14.412,5.8824,10.588,5.8824,20.588,10.588,10.882,16.176,5.8824
12.919,0.95694,6.2201,4.067,16.029,14.593,77.512,3.11,12.44,10.766,16.507,21.292,6.6986,51.435,6.2201,32.775,7.4163,7.177,4.067,11.244,17.703,4.067,3.3493,6.6986,3.8278,45.455,11.483,7.4163,10.526,3.8278,19.139,7.177,12.201,13.636,9.5694
15.26,0.97403,7.4675,3.2468,15.26,9.0909,74.675,2.9221,9.7403,12.013,16.883,23.377,5.8442,48.052,5.1948,35.39,7.7922,7.7922,5.1948,11.688,15.26,4.8701,1.9481,4.5455,5.1948,46.104,11.364,9.0909,11.688,4.8701,22.727,4.2208,14.935,14.935,8.7662
17.303,3.0534,7.888,8.3969,18.575,23.41,88.804,5.0891,14.758,9.6692,18.321,17.812,5.0891,66.921,7.1247,34.351,5.8524,4.8346,2.5445,12.468,18.83,4.8346,6.3613,6.8702,6.3613,57.761,9.6692,9.9237,9.6692,5.598,17.812,6.6158,9.1603,13.995,13.995
20.28,3.4965,8.7413,6.993,18.531,21.678,84.615,5.5944,15.385,10.14,17.832,18.881,4.8951,66.084,4.8951,34.965,5.5944,4.1958,3.1469,10.839,21.678,5.9441,6.2937,6.6434,8.042,62.238,11.189,10.49,10.14,6.993,19.58,6.6434,10.839,13.636,13.287
22.442,5.9406,5.6106,8.2508,19.142,22.112,88.449,5.6106,17.822,8.9109,18.482,24.752,8.9109,70.627,7.5908,35.644,5.2805,6.6007,6.2706,13.861,24.422,5.6106,5.6106,11.221,5.9406,52.475,14.851,8.9109,9.901,4.2904,29.703,9.2409,7.2607,20.132,17.162
25.217,7.3913,4.3478,7.8261,20.435,21.304,83.913,7.3913,17.826,9.1304,17.826,24.348,9.1304,71.739,8.6957,33.913,6.087,7.3913,8.2609,13.913,26.087,5.2174,6.5217,9.5652,7.8261,54.783,18.696,8.2609,10.435,5.6522,32.609,10,8.6957,20.435,16.957
17.904,3.4934,5.6769,8.7336,16.594,12.664,68.559,7.8603,11.354,10.044,20.087,24.017,8.2969,68.559,5.2402,39.301,4.8035,1.31,2.6201,13.974,23.144,4.3668,5.2402,9.607,3.9301,48.908,14.41,7.8603,10.48,4.3668,18.341,5.6769,8.7336,14.41,7.8603
15.984,3.2787,7.377,7.377,21.311,22.541,87.295,6.5574,12.295,12.295,17.213,19.262,13.525,60.656,6.5574,40.164,4.5082,8.6066,2.8689,13.115,18.852,5.7377,3.2787,6.1475,2.459,52.869,13.525,9.4262,11.885,3.6885,21.721,4.0984,11.475,15.574,11.885
8.8398,2.2099,5.5249,5.8011,20.442,21.547,69.89,5.8011,16.575,13.812,18.232,16.022,9.116,54.42,9.3923,40.884,6.9061,2.4862,2.2099,11.878,18.785,4.9724,3.5912,6.6298,5.2486,54.144,16.298,8.2873,12.707,5.2486,14.641,9.116,9.116,13.26,7.7348
10.895,2.3346,5.8366,4.2802,18.677,17.899,69.65,6.6148,12.062,14.008,18.288,17.899,11.284,55.642,9.3385,45.914,6.6148,1.9455,3.1128,12.451,19.455,4.6693,3.5019,7.393,6.2257,53.696,14.786,8.1712,13.23,5.8366,17.899,5.8366,9.7276,14.786,6.6148
17.647,3.9216,5.098,8.6275,22.745,18.431,80.392,3.9216,16.471,11.373,19.216,28.627,9.8039,70.196,5.098,40.784,5.4902,8.6275,4.7059,14.51,21.176,4.7059,2.3529,10.588,5.8824,55.294,14.51,10.588,11.765,3.9216,26.275,6.2745,13.333,16.471,12.941
17.073,4.065,8.5366,9.7561,25.61,21.545,76.016,7.7236,17.886,11.789,17.886,23.984,6.9106,54.878,7.7236,36.179,4.878,4.065,1.626,14.228,16.667,4.878,4.878,7.7236,4.065,55.691,13.008,9.3496,11.789,3.6585,20.325,5.2846,7.3171,21.138,8.9431
7.2727,1.5584,5.974,9.0909,16.623,25.455,86.494,6.2338,10.649,13.506,21.039,18.701,10.13,62.078,6.2338,28.571,4.9351,9.6104,0,15.065,22.078,4.9351,4.9351,10.39,3.1169,41.558,11.169,11.169,13.506,3.3766,12.468,4.6753,10.39,10.649,9.8701
3.8835,3.8835,3.3981,8.7379,15.534,33.495,65.534,3.8835,11.65,13.592,26.699,18.447,9.7087,51.942,8.2524,32.039,2.9126,15.534,0.97087,16.019,18.932,6.7961,3.8835,3.8835,6.3107,38.35,7.2816,6.3107,14.078,4.8544,16.505,2.4272,13.107,9.2233,15.049
9.7872,3.8298,9.3617,6.8085,22.979,16.17,77.872,2.1277,11.489,12.34,23.404,29.362,8.5106,64.255,5.1064,28.936,2.9787,15.319,0.85106,18.723,20,4.6809,7.234,10.638,3.8298,47.234,9.7872,7.6596,11.489,2.9787,19.574,2.1277,12.34,11.064,19.574
9.0643,5.848,2.924,11.404,20.76,28.947,86.842,5.5556,13.743,11.404,22.222,28.363,9.9415,65.205,6.7251,35.965,5.5556,13.45,0.2924,18.713,26.901,5.848,7.0175,8.1871,4.6784,45.614,6.7251,10.526,11.696,3.5088,21.93,3.2164,11.404,12.865,16.667
10.887,6.4516,2.4194,11.29,18.952,27.419,81.855,4.0323,13.71,13.306,22.984,31.855,11.694,61.694,6.8548,36.694,6.4516,16.532,0.40323,19.355,24.194,4.4355,7.6613,8.0645,6.4516,47.984,5.2419,9.6774,13.71,4.8387,21.371,2.0161,14.113,12.5,20.968
2.4691,4.321,4.321,10.185,15.123,22.531,83.333,2.4691,17.593,13.272,21.605,27.469,5.5556,49.691,9.2593,31.173,3.7037,11.42,0.61728,16.667,22.531,6.1728,10.185,8.642,5.2469,47.531,14.198,6.4815,13.272,6.7901,16.975,5.5556,11.42,8.642,13.889
3.5874,5.8296,4.0359,8.9686,13.453,16.143,83.408,2.6906,9.417,14.35,23.767,35.426,8.0717,47.534,7.1749,30.493,1.7937,15.247,0.89686,17.937,21.525,5.8296,11.659,9.417,5.8296,44.843,12.556,3.139,13.901,6.7265,21.525,0.89686,11.659,9.8655,17.937
9.4059,4.9505,6.4356,7.9208,14.851,13.366,87.129,4.9505,10.891,13.366,26.238,33.168,7.4257,49.01,9.901,27.723,3.4653,18.317,1.9802,20.297,25.248,7.4257,8.9109,6.9307,8.4158,56.931,11.386,5.4455,13.366,6.4356,20.792,1.4851,11.881,11.386,19.307
4.6784,3.8012,4.6784,6.7251,18.129,18.421,77.485,2.0468,12.281,13.158,22.515,24.854,6.4327,48.83,4.9708,22.515,4.0936,15.497,0.87719,16.959,20.76,6.4327,4.9708,3.8012,5.2632,42.69,13.45,4.0936,12.865,7.3099,15.789,4.386,12.281,11.404,13.743
6.0241,5.2209,5.2209,3.6145,18.072,14.859,73.494,2.4096,9.6386,14.056,24.096,26.104,7.2289,46.988,4.4177,24.498,2.8112,17.671,1.2048,17.269,20.08,6.8273,5.6225,4.0161,6.8273,40.964,12.851,3.6145,13.655,8.8353,18.072,0.40161,14.458,12.45,15.663
9.0909,3.3493,5.7416,5.7416,18.66,13.397,84.211,1.4354,12.44,15.311,19.139,32.536,7.6555,53.11,5.7416,29.187,2.8708,17.225,0.47847,16.268,25.837,6.6986,6.2201,6.2201,7.6555,44.498,11.005,4.7847,13.397,6.2201,23.445,0,14.354,12.919,18.182
3.869,2.6786,4.3155,7.5893,15.03,24.702,83.929,5.0595,11.458,15.625,23.214,22.768,6.5476,46.577,6.994,24.851,4.9107,11.607,0.14881,15.476,15.327,4.9107,5.8036,6.8452,3.869,38.393,11.458,8.631,15.774,2.8274,14.732,5.506,10.714,9.0774,9.6726
5.098,3.3333,4.1176,7.6471,14.706,22.745,85.294,4.902,10.784,15.686,24.314,23.529,7.2549,47.255,7.0588,27.255,4.7059,11.569,0.19608,14.51,15.882,5.6863,5.8824,7.8431,4.5098,40.784,9.4118,8.4314,16.078,3.1373,14.902,3.1373,10.588,9.8039,11.176
4,3,4,8.6667,18.333,24.333,77.333,3,12.667,16.667,22.333,29.333,6.6667,54.333,6.3333,28.333,3,9.3333,0.33333,13.333,22,5,7.3333,8,4.3333,46.333,12,7.6667,15.667,3,17.333,4,10.667,11,9
4.2885,2.924,5.0682,11.306,18.713,26.901,90.253,3.1189,15.789,15.984,25.341,21.442,7.6023,51.657,7.4074,27.485,4.4834,9.5517,0.5848,18.519,25.146,4.8733,11.306,11.111,4.2885,42.105,13.06,8.9669,15.205,3.7037,12.281,4.6784,10.916,9.3567,8.577
8.8561,5.5351,9.5941,11.07,18.081,14.022,73.801,3.321,13.653,12.546,22.14,30.258,9.9631,52.768,3.321,36.531,6.2731,19.188,1.107,15.129,18.45,6.2731,4.797,9.9631,6.2731,42.066,11.439,7.3801,11.439,5.1661,20.664,5.1661,11.808,13.284,23.616
7.0968,2.9032,5.1613,10.645,17.742,21.935,83.871,4.8387,13.226,15.161,21.935,25.484,6.129,63.871,6.7742,35.484,5.8065,11.29,1.2903,14.516,22.258,7.4194,6.4516,6.129,7.7419,47.742,14.839,7.4194,15.161,6.7742,18.71,4.1935,10.968,10.968,13.871
7.9545,4.9242,6.4394,6.4394,19.318,21.212,81.818,3.4091,11.742,13.258,24.621,29.924,6.0606,60.606,5.6818,31.439,2.6515,14.015,0.37879,18.561,24.242,4.5455,7.9545,8.7121,7.9545,51.136,11.742,10.227,14.015,6.0606,20.076,3.0303,16.288,12.5,18.182
6.278,5.3812,6.278,6.278,20.179,16.143,79.821,1.3453,10.762,16.143,22.87,32.287,7.6233,49.327,4.4843,33.632,3.139,17.489,0.89686,19.731,26.457,4.9327,2.6906,8.0717,5.3812,39.91,13.901,5.8296,15.695,4.4843,21.525,0.89686,17.04,11.211,20.628
7.4205,4.947,6.0071,10.247,20.495,19.081,96.82,4.5936,14.841,12.014,20.848,34.982,6.7138,59.717,4.5936,39.576,2.8269,13.428,0,13.428,24.382,3.1802,6.3604,9.894,5.3004,50.177,10.601,7.4205,12.721,6.0071,22.968,1.4134,12.721,14.134,11.307
8.0169,5.9072,5.4852,8.8608,18.143,15.19,89.451,4.6414,13.924,13.08,20.253,33.333,6.3291,54.852,5.4852,37.131,2.9536,14.768,0,11.814,21.097,3.7975,6.3291,7.173,6.3291,46.414,11.814,6.3291,13.924,7.173,21.941,1.2658,15.19,13.08,13.502
10.15,6.391,6.391,11.654,21.805,27.068,93.609,4.5113,13.91,13.158,21.805,31.203,4.8872,71.805,4.1353,33.459,3.0075,16.165,0.75188,14.662,24.812,6.015,7.5188,13.158,7.1429,55.639,10.15,10.526,13.534,7.8947,27.068,2.6316,14.662,13.534,15.038
11.261,6.3063,6.7568,9.009,19.82,21.171,82.883,4.5045,15.315,13.063,20.721,29.279,5.4054,73.423,4.955,31.982,3.6036,17.568,0.9009,15.766,23.423,6.3063,7.6577,9.9099,8.5586,59.459,11.261,10.36,13.964,9.4595,25.225,2.7027,16.667,13.063,18.018
7.4627,3.8806,4.1791,8.0597,19.104,18.806,86.567,3.5821,17.612,13.731,22.388,20.896,5.0746,51.642,9.8507,34.03,5.6716,11.642,0.59701,15.522,26.567,6.8657,7.7612,8.0597,6.8657,51.045,16.119,5.6716,14.627,5.6716,17.313,6.2687,10.746,12.836,16.119
6.8548,4.4355,4.8387,4.8387,20.968,13.306,77.823,2.0161,8.871,13.306,20.968,32.258,8.0645,46.371,7.6613,30.645,3.2258,17.339,0.40323,12.097,22.177,5.6452,7.2581,8.871,6.4516,44.355,14.113,4.4355,13.71,7.6613,18.548,0.80645,12.097,11.29,17.339
7.7844,3.8922,6.5868,7.1856,16.168,17.964,73.353,3.5928,8.6826,12.275,23.054,29.341,8.6826,45.808,5.6886,32.036,4.491,18.563,2.3952,17.665,15.569,4.491,2.994,6.5868,4.7904,43.114,9.2814,5.6886,11.976,4.7904,19.461,0,11.377,13.772,15.569
13.542,2.8646,2.8646,9.6354,18.49,22.396,92.448,4.4271,16.146,12.5,22.656,25.521,6.7708,58.854,4.9479,35.417,7.5521,10.156,0.26042,13.802,21.094,7.8125,8.3333,8.0729,6.7708,50,12.24,8.3333,12.24,5.7292,22.396,3.9062,10.677,15.885,11.719
18.421,3.0075,2.6316,8.2707,16.541,21.053,90.226,4.8872,18.045,15.038,22.556,27.068,7.1429,57.519,6.015,40.226,9.3985,13.91,0.37594,15.789,22.556,9.0226,6.391,6.7669,9.7744,58.271,12.406,9.7744,14.286,8.2707,24.06,4.1353,14.662,15.789,16.165
17.5,7.9167,4.5833,5.8333,20.833,16.667,92.5,4.5833,17.083,13.75,21.667,33.333,9.1667,62.5,5,40.417,7.9167,11.25,3.75,18.333,23.75,10.417,5,8.3333,6.6667,54.167,13.333,9.5833,14.583,5.8333,28.75,6.6667,13.75,15.833,24.583
17.89,8.2569,5.0459,5.5046,19.266,12.385,89.908,4.1284,14.679,14.22,21.101,32.11,9.633,58.716,5.5046,40.826,8.2569,11.927,4.1284,16.972,22.018,9.633,5.0459,7.7982,7.3394,53.67,13.761,7.7982,15.138,6.422,27.982,7.3394,14.679,15.596,26.606
8.1545,4.721,9.4421,8.5837,21.888,20.601,88.412,5.1502,13.305,13.305,24.034,33.906,6.4378,54.077,6.867,36.052,2.1459,15.88,0.42918,15.021,28.755,5.5794,8.5837,10.3,7.2961,53.648,12.446,8.1545,12.876,5.5794,22.747,2.5751,13.734,12.017,11.588
6.2857,4.2857,4.5714,10.286,19.714,19.143,93.714,5.7143,14.571,12.286,27.143,27.714,7.1429,66.857,7.1429,34.571,4.2857,12.857,1.7143,16.286,26,7.4286,5.7143,10.857,5.4286,49.143,7.1429,7.7143,12.857,4.8571,21.143,4.2857,10.571,14,14.857
6.4394,4.5455,4.5455,9.4697,18.182,13.636,86.742,5.303,11.364,14.394,25.758,27.273,8.3333,62.879,5.303,35.985,4.5455,16.667,2.2727,15.53,26.515,6.8182,4.5455,9.8485,7.197,46.591,7.197,6.4394,15.152,6.4394,20.833,3.7879,13.636,12.5,17.803
5.1546,3.0928,5.6701,7.2165,18.041,23.711,73.711,1.5464,11.34,14.433,24.742,27.32,7.732,54.639,5.1546,34.536,3.0928,7.732,1.0309,19.072,28.351,4.6392,4.1237,11.856,5.1546,51.546,13.918,7.2165,15.464,4.6392,22.68,0.51546,18.041,13.402,7.2165
6.1047,6.686,4.3605,11.628,22.093,19.186,91.279,4.6512,14.244,11.628,21.221,29.07,4.9419,60.174,5.814,34.012,2.907,10.756,0.5814,13.372,21.221,5.814,9.3023,9.0116,4.0698,56.977,11.919,7.2674,11.628,4.0698,20.349,2.0349,9.3023,14.826,10.174
8.0645,8.4677,4.0323,10.484,23.79,16.935,89.919,4.8387,11.694,14.113,20.565,33.871,5.6452,58.468,4.0323,36.29,2.4194,12.903,0.80645,12.903,24.194,2.8226,9.6774,10.081,5.6452,55.242,14.113,7.6613,14.516,5.6452,23.79,1.6129,10.887,14.516,12.903
